0,speed,push,start,rural areas,areas,rural,thing,high,democratic,internet
1,director,general,kill,used,children,vaccines
2,combined,suicide,accidents,car,aged,fentanyl,car accidents,overdoses
3,hospitalized,teens,myocarditis,covid,likely,vaccines
4,could,koalas,fine,prey,save,alone,recovered
5,supporters,clips,condemning,ad show,audio,matter,pat,mccrory
6,room,oxygen,snake,snake plants,produce,enough oxygen,sealed,nasa,humans,enough,plants
7,manchin,represent,many,joe,people
8,else,anyone,disease,spread,vaccinated,people,covid
9,antidepressants,eating,grapefruit,fatal,overdose,cause
10,wireless,radiation,wireless technologies,especially,technologies,electromagnetic,symptoms,including,cause
11,cool,think,jobs,strike,workers,replace,kellogg,oh
12,twice,killed,many,close,kids,died,vaccine,covid
13,variant,copyright,came,book,omicron,covid
14,common,maybe,calling,cold,omicron,variant
15,making,expanded,credit
16,nanocensor,contained,bioweapon,uncovers,horror,horror nanocensor,patent,moderna
17,certificate,fake,obama
18,autism,genetic,myth
19,jab,take,inventor,sahin,safety reasons,biontech,tech,ugur
20,walks,majority,parties,id,life,nyers,political,political parties,overwhelming,across
21,claims,deathbed claims,deathbed,swapped,nurse,fun,dying,babies
22,vial,fresh blood,passes,boy,drink,fresh,way,blood,back,house
23,claus,santa,mask,police,wearing,german,arrested
24,fetuses,aborted,puts,mcdonald,baby,food
25,infected,possibility,opens,virus,making,fauci,could,likely,dr
26,separated,fence,supermarket,jabbed,unjabbed,germany,photo,shows
27,omikron,microsoft,game,created,gates,called,video,bill
28,voting,slash,chuck,ceiling,debt,grassley,medicare,bill
29,tissue,climbed,diagnoses,soft,roof,result,cancer,vaccines
30,along,planned,pandemic,covid
31,conspiracy,network,broadcaster,bbc,british,public,video,part,shows
32,castor,fla,kathy,communist,rep
33,items,owner,store,thieves,prosecuted,california,prices
34,beginning,war,afghanistan
35,aids,cause,vaccines,covid
36,shots,fda,vaers,knew,pregnant,prove,documents
37,charge,since,november,actually,military
38,travel,response,shut,countries,require,southern
39,overdoses,virginia
40,deficit,deficit spending,cbo,spending,trillion,act,build,better,back,says
41,victory,investigation,margin,cast,finds,wisconsin,votes,illegal,election
42,anthony,shots,wants,americans,fauci,per,year,get,says
43,dad,joining,ivanka,democrats,run,trump
44,hospital,mothers,vancouver,stillborn,period,gate,received
45,copd,lungs,oz,gummies,releases,smoking,detox,quit,help
46,internment,world,basically,autonomy,internment camps,exercise,around,put,health,camps
47,spends,childhood,early
48,johnson,deaths,vaccines,totaled,unknown vaccines,unknown,undercount
49,andreas,secret,assassinated,government operatives,chemist,publishing,noack,operatives,hours,german,vax
50,vaccine,deadliest,made,ever,covid
51,weather,cold weather,problems,warnings,blood clots,cover,side,heart problems,clots,effects,cold,blood
52,replaces,kamala,harris,hillary
53,trend,canada,joins,food,jab
54,suppress,shingles,herpes,immune,susceptible,system,make,hiv,vaccines
55,coal,fired,reliance,coal energy,energy,ago
56,cuts,hospitals,funding,charity,includes,act,billion,care
57,symptoms,society,choosing,even,problems,clots,heart problems,blood clots,flu,cold,blood,heart
58,gallons,consumed,seven,constitution,trip,alcohol
59,organ,tribute,pays,team,recovery,donor,female,young,medical,photo
60,delta,higher,also,toxicity,times,mortality,rate,omicron,variant
61,carve,outs,filibuster,time
62,include,beyonce,co,defendants,kanye,west,maxwell,ghislaine
63,jams,electric,traffic jams,traffic,vehicles,fail,likely
64,instead,transmission,covid,increase,stop,vaccines
65,left,prices,gas,house,white
66,minister,slogan,prime,jacinda,refunds,poster,zealand,ardern,job
67,vice,dirty,kamala,harris,called,unvaccinated,president,trump,says,people
68,reporter,site,one,maxwell,ghislaine,trial
69,secretly,republic,restored,inaugurated,president,trump
70,separating,mall,german,unvaccinated,photo,shows,vaccinated
71,otherwise,depend,evolve,pathogens,virulent,hosts,destroy,become,less,live
72,shocking,eu,chief,calls,lockdown,nuremberg,drastic,wake,throwing
73,rising,rising prices,money,pockets,accounting,typical,last,family,even,prices,american
74,close,cancer,analysis,cancer clinics,causing,payments,healthcare,raising,cancer care,slashed,massively
75,account,data,worst,fear,every,covid,already
76,romania,protesting,video,shows,vaccines,people,covid
77,faked,boris,shot,johnson,getting,booster,says
78,prince,markle,harry,exist,meghan,baby,says
79,card,christmas,image,donald,trump,new,shows
80,islands,wave,tsunami,mega,eruption,canary,volcano,warnings
81,tap,positive,water,testing,covid
82,resigned,ceo,twitter,cnbc,walmart,first,ghislaine,maxwell
83,proves,recent,forbes,gene therapy,article,gene,therapy,vaccines,covid
84,trailer,tractor,drive,summer,part,used
85,takeover,child care,passed,care,government,child,build,better,back,house,bill
86,barrel,pre,oil,import,single,look,arabia,saudi,donald
87,compared,businesses,small businesses,small,number,pandemic
88,completely,open,decided,southern,leave,border,administration,omicron,biden
89,lebron,james,approves,magistrate,suit,defamation,federal,million,kyle
90,emissions,capita,china,chart,dioxide,leading,india,carbon,per,shows
91,one symptom,symptom,listed,complications,cover,effects,used,heart,one,variant,omicron
92,next,going,pick,fooled,fear,keep,actually,one,variant
93,originated,enslaved people,enslaved,discount,boost,friday,sold,economy,black,people
94,wide,gag,spectators,breaking,barred,courtroom,press,judge,order
95,restrictive,europe,mississippi,laws,countries,abortion
96,prices,blame,russia,decision,kuwait,cancel,saudi,arabia
97,cnn,files,suit,million,kyle,rittenhouse
98,ask,knows,additional,security,almost
99,abloh,case,defendant,virgil,started,criminal,died,ghislaine,maxwell
100,shouting,jill,expletive,video,child,shows,biden
101,related,collapsing,athletes,due,issues,heart,vaccines,covid
102,jeffrey,epstein,photo,joe,shows,biden
103,malcolm,behind,nyc,nypd,days,assassination,daughter,exposed,found
104,people,england,explain,caused,know,twice,unvaccinated people
105,mild,reuters,detected,doctor,reported,symptoms,said,variant,omicron
106,rates,unvaxxed,death,vaccinated,covid
107,previous,emerging,none,know,protect,november,variant,omicron,vaccines
108,two,events,two years,storm,within,wisconsin,years,year
109,timed,hysteria,coincide,distract,would,ghislaine,maxwell,trial,omicron
110,name,hoax,evidence,coronavirus,pandemic,omicron,variant
111,teaching,method,vox,ear,racist,bunny,tying,headline,shoes
112,track,households,spend,energy,billion
113,tour,dion,cancels,celine,paralyzed,vaccine,covid
114,mansion,square,nancy,bought,foot,pelosi,florida,million
115,lawsuit,joy,whoopi,goldberg,behar,files,million,kyle,rittenhouse
116,austria,recently,protesting,photo,shows,people
117,able,subsidies,tesla,buy,much,making,one,people
118,crossing,came,armed,person,state lines,protests,lines,kenosha,state,kyle
119,station,attacked,grandparents,owned,initially,gas,kyle,rittenhouse
120,levels,vitamin,ml,ng,correlates,zero,mortality,rate,covid
121,admits,work,fauci,vax,covid
122,amnesty,aliens,parole,provides,millions,criminal,illegal,better,build,back
123,protested,targeted,woman,searched,local,board,elections,fbi,home,school
124,paying,premiums,price,seniors,crisis,medicare,inflation,increase,means
125,workforce,drop,women,pandemic,million
126,protein,dna,nucleus,impairs,repair,goes,spike
127,partisan,maps,therefore,legislative,partisan lines,split,equally
128,trial,coverage,supremacist,trafficker,limiting,sex,accused,televised,cartoon
129,lucifer,owns,telescope,vatican,called
130,control,prescription drugs,prescription,slapping,drugs,health,costs,tax,care
131,denying,broadband,ashley,hinson,meeks,mariannette,miller,rural,votes
132,counterterrorism,boards,add,tags,school boards,investigate,division,threat,protesting,using
133,constant,constant audit,prepare,audit,irs,family,spends,day
134,showed,everywhere,bricks,photos,kenosha,trial,kyle,rittenhouse
135,tracks,agency,suddenly,prominent,attacks,athletes,news,dead
136,lowest,large,imprisonment,york,leading,nation,rate,state,new
137,contain,luciferase,vaccines,covid
138,klan,outfit,wearing,photo,kyle,rittenhouse,shows
139,accounts,demands,banking,nominee,eliminated,bank,private,biden
140,never,history,much,american,raised,spent,needed
141,lab,vials,linked,labeled,pennsylvania,discovery,smallpox,gates,bill,says
142,house,white,trump
143,mainstream,took,media,military
144,former,arrests,george,bush,military,president
145,always,reform,need,filibuster reform,clear,filibuster
146,seattle,conquered,form,handed,three people,questioned,guns,simone,robbed,murdered
147,negative,projecting,economist,impact,inflation,better,build,back,bill
148,blocked,warren,behalf,buffett,keystone,pipeline,obama
149,ship,smuggled children,smuggled,raid,full,seals,cargo,navy,children
150,unleaded,lancaster,calif,nearly,costs,gas
151,voted,bipartisan,favor,legislation,delegation,member,iowa,infrastructure,federal,one
152,facilities,inside,private facilities,decide,cannot,somebody
153,hospitalized,harris,kamala,dying,said,vaccinated,says,people,covid
154,admitted,mrna,work,gates,well,moderna,pfizer,bill,vaccines
155,several,warn,animal trials,top,animal,trials,type,miserably,gene therapy,gene
156,hundreds,close,astroworld,died,people
157,done,place,verdict,guardsmen,ahead,national,kenosha,called
158,terrible,kansas,tourism,typo,city,sign
159,allows,meta,page,permission,posting,notice,rule
160,jail,bail,got,teen,white,simpkins,pretty
161,tells,disturbing,superpowers,ad,jab,kids,get,pfizer,covid
162,education camps,determine,designated,diagnosis,decline,medical,help,code
163,actor,macaulay,heroin,culkin,overdose,died
164,education,indoctrinate,lens,trying,incorporating,promoted
165,followers,ripped,stalin,chicken,feathers,lesson,live
166,drove,assault,mother,rifle,middle,armed,state lines,riot,dropped
167,times,virus,killed,likely,children,vaccines,covid
168,million,probably,apprehended,another,meaning,illegally,come,border,year,people
169,dies,wife,complications,ceo,pfizer,vaccine
170,passenger,asked,airplane,demanding,irate,seat,airline,leave,away
171,infrastructure,true,bill
172,something,artists,amazon,laced,scam,toxic,masks,send,face,using
173,ranks,connectivity,internet connectivity,iowa,internet
174,increased risk,pregnancy,risk,correcting,error,major,spontaneous,spontaneous abortion,vaccination
175,talks,illegal immigrants,immigrants,pay,illegal,president,joe,biden,says
176,pradesh,uttar,cases,ivermectin,india,due,use,new,covid
177,sitting,party,ever,governor,virginia,president
178,drug,men,intravenous,gay men,gay,users,pariahs,imagine,inconceivable
179,added,safety,public,vaccinated
180,bedridden,gavin,newsom,arrested,military
181,poverty,literally,wage,taxing,single,worker,low,children
182,sight,barre,guillain,shot,newsom,gavin,booster,syndrome,likely
183,official,count,drastically,fewer people,fewer,italy
184,implied,sending,implied consent,consent,administered,getting,school,child,day,vaccine,vaccines
185,venue,capacity,scheduled,person,music,festival
186,face mask,green,light,gives,arizona,implementing,green light,vaccine mandates,mandates,mask,face
187,conference,climate,generators,diesel generators,diesel,change,show,photos
188,inherited,month,jobs,finally,gains
189,childrens,organs,forget,banner,donate,vaccines,says,covid
190,queen,elizabeth,age
191,gather,swoop,every gun,forces,gun,folks,every,special,threatened,america
192,machines,voting machines,uncovered,citizens,vote,allow,voting,jersey
193,citizen,committed,ballot,allowed,crime,fill,worker,jersey,someone
194,removed,merriam,webster,portion,immunity,word,definition,changed,recently,vaccine
195,fact,zero billionaires,fun,billionaires,zero,west,home,virginia
196,satanic,ritual,festival,deaths,astroworld,part
197,door,australian,trained,vaccinate,attacks,force,military
198,target,speak,justice,use,race,critical,department,parents,theory
199,infrastructure,actual,actual infrastructure,passed,house,bill
200,funny,reporting,anymore,blatant,fox,went,news,fraud
201,office,atheists,prohibited,holding,states
202,shed,confirms,harm,proteins,spike,unvaccinated,pfizer,vaccinated,people,covid
203,lie,idea,total,pandemic,unvaccinated
204,stein,attorney,josh,duty,derelict
205,controlled,injected,concert,oxide,frequencies,magnetic,magnetic frequencies,graphene oxide,vaxxed
206,immunodeficiency,acquired,reports,developing,kingdom,suggest,rapidly,syndrome,united
207,charged,fraud,ceo,arrested,pfizer
208,fabric,invented,smitherman,herbert,bounce,coffee,soap,crest,toothpaste
209,gave,counted,bergen,gubernatorial,democratic,votes,jersey,candidate,county,ballots
210,spanish,announced,weapon,high,patent,bio,court,virus,covid
211,represents,climate change,map,reverse,us,scientists,change,climate,say,years
212,ballots,tuesday,outside,trash,shredded,bags,bins,blank ballots
213,remain,born,glaciers,gore,al,today,earth,day
214,reparations,elon,musk,african,donate,americans,billion
215,miami,gov,desantis,arrived,ron,packages,rerouted,port,result,video
216,accts,premier,freezing,victoria,sell,submission,bank,forced
217,stuck,warehouses,goods,shortages,manufactured,product
218,pulled,iceland,heart issues,denmark,everyone,sweden,norway,finland
219,agents,entrapped,directly,intentionally,incited,citizens,federal,jan,american
220,vaccine,harmful,posts,graph,suggest,california
221,suits,visit,changed,vatican,president,joe,biden
222,cycle,natural,warming,cycles,global,nothing,stop,actually,part
223,phantom,rolls,voter,voters,florida,million
224,capitol,fire,doctored,look,taken,riot,united,states
225,elections,run,states,federal,government
226,sheet,greenland,ice,shrinking,today,ago,rapidly,years
227,faster,wages,gone,inflation,higher
228,americans,disfavored,core,constitutional,strip,pretext,millions,rights,used,jan
229,mark,protest,dea,later,near,ibrahim,indicted,agent
230,cups,say,let,brandon,go
231,rock,carry,adoption,permitless,crime,dropped,like,violent,following
232,worlds,bases,minecraft,replicas,exact,exact replicas,classified,man,arrested,military,virginia
233,raise,wealth,confiscated,worth,less,billionaires
234,wildfire,factories,undoubtedly,schools,walking,illnesses,vaccinations
235,scott,restrictions,doctors,services
236,guard,cops,national,fill,refuse,get,vaccinated
237,numbers,four,digits,requiring,fairfax,security,absentee ballots,last,absentee,social
238,glenn,bus,democrat,stood,staffers,youngkin,posed,supremacists
239,create,oversight,international,second,amendment,alter,cancel,committee,rights,wants
240,parts,concentrations,unmask,carbon,dioxide,dangerous,kids,per,million
241,tapachula,population,mexico,migrant,minneapolis,caravan
242,clot,minute,starts,two,injection,blood,pfizer,vaccine,covid
243,vax rollout,rollout,japan,drops,vax
244,requested,locations,told,polling,polling locations,turned,absentee ballots,absentee,voters,already,away,ballots
245,cups,say,joe,biden
246,fast,supremacists,white supremacists,cnn,headline,food,said,white,says
247,lost,atlanta,police,force
248,promises,lock,hillary,house,white,trump
249,week,cents,highest,gallon,past,carolina,north,increased
250,different,outcome,sometimes,hopes,product,failed,thing,booster,used
251,must,pork,figure,muslim,menus,free,leave
252,clinton,navy,seals,hillary,arrested
253,possession,child pornography,degree,murder,pornography,alec,baldwin,first,arrested,child
254,plus,kingdom,percent,die,united,fully,vaccinated,people,covid
255,alibi,marjorie,dc,recognize,greene,convicted,identical,gait
256,cars,road,liquid,liquid fuels,fuels,published,concluding,still,require
257,marked,psaki,jen,protect,wants,said,joe,biden,says,people
258,church,bethel,license,baptist,newspaper,liquor,nys
259,anti,league,speech,hate,defamation,classified,let,brandon,go
260,loser,shooting,impression,taken,testing,alec
261,modest,extra,buffalo,percent,city,three
262,billion,dollas,bezos,left,earth,get
263,duterte,rodrigo,manila,bay,show,photos,administration
264,sids,die,babies,day,vaccine
265,epidemic,planned,anthony,aids,fauci,dr,says
266,detained,resigned,pelosi,biden
267,trumpless,sheryl,shirt,crow,keep,wearing,america,photo,shows,says
268,trump,withdrew,implemented,wanted,troops,derangement,afghanistan,simply
269,families,transmissibility,coronavirus,seasonal,communities,flu,dangerous,cold,actually
270,indiana,vax mandate,chicago,comply,offers,officers,hire,refuse,mandate,police,vax
271,house,white,photographer,picture,oct,took,donald,trump
272,people,real,threat,vaccinated people,unvaccinated,vaccinated,covid
273,worrying,check,repercussions,want,book,spend,blank,asking,much,without
274,trees,referred,holiday,christmas,time,first,year,house,white
275,implement,unvaxed,quarantine,australia,camps
276,classrooms,campaign,mcauliffe,keep,terry,parents,sign,says
277,adding,accounted,september,reported,jobs,florida,nation
278,recharged,luxury,evs,diesel generators,generators,diesel,using
279,twin,brian,laundrie,belong,remains,discovered,florida
280,reinstated,trump
281,intend,cheat,signals,barack,democrats,obama,governor,election,virginia
282,raided,hunter,home,military,biden
283,powell,tribunals,military tribunals,clintons,undergone,hunter,already,military,biden
284,key,foxconn,foreign,played,largest,handout,role,deal,attempted
285,arrest,hutchins,information,halyna,lead,clinton,tweeted,hillary,says
286,rings,pedophile,documentary,hollywood,huchins,halyna,project,next
287,treatment,nih,guidelines,approve,ivermectin,covid
288,george,bush,way,higher,republican,prices,gas,president
289,attack,ranking,investigating,select,committee,member,capitol,jan,house,says
290,ships,executive,order,cargo,port,donald,get,trump
291,commercials,adverse,list,required,tv,side,law,effects,vaccines
292,domestic,domestic terrorists,terrorists,seeing,treat,patriot,justice,department,act,parents,american
293,changing,policy,speech,hate,ban,facebook,brandon,let,go
294,saying,quoted,ya,shoot,report,news,baldwin,alec
295,newly,congressional,arkansas,keeps,district,communities,together,map,drawn
296,airlines,announce,longer,employees,southwest,terminate,mandate
297,power,flashed,question,asking,man,black,sign,white,biden
298,nanochips,pathologists,chips,components,biological,host,graphene chips,graphene,found,non
299,created,jobs,number,eight,history,months,total,first
